nprocs,max_time,avg_time
1,10.6198878288,10.6198878288
4,2.6211109161,2.6203906536
9,1.5525319576, 1.4242667357
