nprocs,max_time,avg_time
1,53.6396448612,53.6396448612
4,13.2416582108,13.2328855395
9,7.8230550289,7.8193351958
