input,max_time,avg_time
720,0.5706961155,0.5382004844
1008,1.5525319576,1.4242667357
1440,4.5269920826,4.1517559422
1728,7.823055028,7.8193351958
2160,15.2622308731,13.9873613252
