input,max_time,avg_time
720,3.8087708950,3.8087708950
1008,10.6198878288,10.6198878288
1440,31.0295331478,31.0295331478
1728,53.6396448612,53.6396448612
2160,104.9821150303,104.9821150303