input, time, result
10000,10000.000000,0.000000
100000,100000.000000,0.000000
1000000,1000000.000000,0.010000
10000000,10000000.000000,0.050000
100000000,100000000.000000,0.430000
1000000000,1000000000.000000,4.260000
