nprocs,max_time,avg_time
1,31.0295331478,31.0295331478
4,7.6304569244,7.6290170550
9,4.5269920826,4.1517559422