nprocs,max_time,avg_time
1,104.9821150303,104.9821150303
4,26.2086858749,26.1941807866
9,15.2622308731,13.9873613252
