nprocs,max_time,avg_time
1,3.8087708950,3.8087708950
4,0.9542479515,0.9542327523
9,0.5706961155,0.5382004844