input,max_time,avg_time
720,0.9542479515,0.9542327523
1008,2.6211109161,2.6203906536
1440,7.630456924,7.6290170550
1728,13.2416582108,13.2328855395
2160,26.2086858749,26.1941807866
